2025-07-12 03:07:45,56c633dd-d412-460f-83ce-2f40a4fc26cb,July 12, 2394, The Galactic Assembly's Unveiling
2025-07-12 03:13:23,914c81fd-b4a5-4a0b-a31a-fefd3a218652,July 12, 3017, The Revelation of the Lost Colony's Secret
2025-07-12 04:13:17,e2f049cc-386e-45c0-80e3-806a7cda3e28,July 12, 3027, The Whispers of the Time Traveler's Secret
2025-07-13 01:58:14,d9541da9-0855-4305-8fce-4868c0d84d2e,July 13, 3047, The Echoes of the Moon Landing's Legacy
2025-07-14 01:54:59,69c86e5b-7b98-43bf-9644-18fdaca6a287,July 14, 3069, The Whispers of the Martian Invasion's Origins
2025-07-15 01:55:33,a34cf8cb-73d5-4248-ba0e-0cd3ecfed7ca,July 15, 3139, The Mystery of Amelia Earhart's Final Flight
2025-07-16 01:51:56,5cab5ac2-4f5b-4d1a-8017-fe5b8252858a,July 16, 4713, The Secrets of Julius Caesar's Assassination
2025-07-17 01:52:34,4dcbe7e8-73f6-438e-8589-02301e2c94ba,July 17, 4803, The Chronicles of the Ancient Olympiad's Resurrection
2025-07-18 01:55:37,21c23087-0817-472a-aaea-14951428e81c,July 18, 5384, The Oblivion of the Great Library's Demise
2025-07-19 01:50:09,6d83b5a0-eb17-46b3-b3e3-6c46623a56f1,July 19, 6453, The Ripples of the Atomic Peace Treaty's Aftermath
2025-07-20 02:01:35,3d3ced78-10f9-4f64-9970-fef1b537cc04,July 20, 7641 - The Tales of the First Landing on Titan's Shore
2025-07-21 01:59:15,a8d99418-92f8-48e7-9efc-9d9b9a8fff36,The Whispers of the Moon Landing's Reunion
2025-07-22 01:54:18,0df4002b-e65f-4433-929e-c86ab6fc2553,The Echoes of the Apollo 11 Moon Landing's Anniversary
2025-07-23 01:56:44,4754194c-29ad-4464-a69f-5fbc7686932e,The Echoes of the Fall of Rome's Twilight
2025-07-24 01:58:04,838931a0-e9f8-4f5f-9afa-d86af63382dc,The Shadows of Atlantis' Rise, July 24, 8760 BCE
2025-07-25 01:53:59,fec22067-9845-43a8-a681-ca80c6a24bcd,The Echoes of the First Human Footsteps on Mars, July 25, 1965
2025-07-26 01:50:53,3bdbb350-70e5-490e-a93e-2ae72e77fd66,The Whispers of the Battle of Gettysburg's Turning Point, July 3, 1863
2025-07-27 02:03:05,d7a2e4e5-7673-411c-bc72-36f5e16652ed,The Echoes of the Great Fire's Aftermath, July 27, 1666
2025-07-28 02:01:47,3a19af06-828b-4e57-853e-32dd4173b270,July 28, 476 AD - The Twilight of the Western Roman Empire's Fall
2025-07-29 02:07:29,d9dd450d-f69c-42c4-838d-54509e813b6f,The Omen of the Titanic's Sinking, July 29, 1912
2025-07-30 01:56:54,91c849f0-aa6f-49d0-aeab-9adc3f05c030,July 30, 65 AD - The Legacy of Nero's Golden House
2025-07-31 01:56:47,24e88aeb-fd1b-4860-97c9-1c7a8ae91cd5,The Footprints of the Lost Vikings' Odyssey, July 31, 986 AD
2025-08-01 02:09:12,2bca13ca-4fda-4b4e-8609-cfad926e125c,The Secrets of the First Steps on Venus' Plain, August 1, 1978
2025-08-02 01:52:33,d9f770a2-5842-464c-b6fe-d497f08581ac,The Mystery of Alexander's Missing Library, August 02, 323 BCE
2025-08-03 02:06:06,6847ad98-b6b6-45a4-b1ef-43ddc2a35e29,The Whispers of Shakespeare's Infinite Soliloquy, August 03, 1599
2025-08-04 02:06:48,f74ee295-fc78-4c2b-a3a1-8fe5165208df,The Revelations of the Magna Carta's Rebirth, August 4, 1297 AD
2025-08-05 02:01:17,6dc1425b-07e1-4c95-beaf-47fb2d257862,The Shadows of the Battle of Agincourt's Victory, August 5, 1415
2025-08-06 02:00:25,5f510b84-3162-400a-a61b-9b57fa0d12de,The Footprints of the Lost Mayans' Resurgence, August 06, 909 CE
2025-08-07 02:01:22,e1039bee-b345-43ba-b01e-9a7a70d0eb08,The Whispers of the Fall of Constantinople's Last Stand, August 07, 1453
2025-08-08 02:01:10,9639194c-4cb4-4544-8537-70fab6a889b6,August 08, The Chronicles of King Arthur's Last Battle, August 08, 539 AD
2025-08-09 01:50:43,941d8a2c-d3e2-4a81-80c8-3c31abb1d0e1,The Shadows of the Wright Brothers' Leap, August 09, 1903
2025-08-10 02:04:26,7831b280-63b6-4492-99d8-8fd9bd6ef187,The Footprints of the Mayflower's Arrival, August 10, 1620
2025-08-11 02:01:08,df74a3d3-b4cb-4b7b-8041-b1f465528f53,The Chronicles of the Battle of Bunker Hill's Aftermath, August 11, 1775
2025-08-12 01:50:09,6cae209a-f5e6-44e1-b39c-2b628eb1fdab,August 12, The Shadows of the D-Day's Dawning
2025-08-13 01:52:50,e9cac114-3270-4999-903f-80f3b86e1ce5,August 13, The Secrets of the Titanic's Last Dance
2025-08-14 01:53:03,b78800c3-b565-4ae4-aded-05874035b5ba,The Echoes of the Battle of Leyte Gulf's Triumph, August 14, 1944
2025-08-15 01:54:30,764e4e52-5b22-4f6b-9820-13bcc732e3b9,August 15, The Veil of the Rosetta Stone's Decipherment
2025-08-16 01:48:39,008408ae-63df-4bd1-8c78-a39911bc6c8e,The Shadows of the Hiroshima Bombing's Aftermath, August 16, 1945
2025-08-17 01:59:32,dc0a0e5f-125b-41c9-9da0-48155f07c447,The Shadows of the Apollo 17 Moon Landing's Departure, August 17, 1972
